,job,location,date,company
0,Web Designer,"Bordeaux, Nouvelle-Aquitaine, France À distance","Il y a 18 heures

                Au cours des 24 dernières heures",Toptal
1,Employé,"Lille, Hauts-de-France, France Hybride",Il y a 3 semaines,Les EnchanTerres Lille
2,Data Engineer – Startup avancée marché Data (H/F) – Poste Pourvu,"Bordeaux, Nouvelle-Aquitaine, France Sur site",Il y a 1 mois,ALTAIDE
3,Consultant Recherche quantitative,"Paris, Île-de-France, France Sur site",Il y a 2 jours,Jobs via eFinancialCareers
4,Credit Analyst,"Paris, Île-de-France, France Sur site",Il y a 5 jours,Jobs via eFinancialCareers
5,CRA - France - Home based- Great opportunity to grow your career within an international CRO,Brest et périphérie À distance,Il y a 1 semaine,PharmiWeb.Jobs
6,"Global People & Culture Business Partner, Engineering","Nice, Provence-Alpes-Côte d’Azur, France",Il y a 4 jours,Amadeus
7,Web Designer,"Montpellier, Occitanie, France À distance","Il y a 17 heures

                Au cours des 24 dernières heures",Toptal
8,Ingénieur de production finance h/f / Freelance,"Paris, Île-de-France, France Sur site",Il y a 1 semaine,Freelance-info.fr
9,Moa Attribution de performance,"Paris, Île-de-France, France Sur site",Il y a 1 mois,Jobs via eFinancialCareers
10,Web Designer,"Rouen, Normandie, France À distance","Il y a 17 heures

                Au cours des 24 dernières heures",Toptal
11,Web Designer,"Marseille, Provence-Alpes-Côte d’Azur, France À distance","Il y a 17 heures

                Au cours des 24 dernières heures",Toptal
12,Analyst Treasury Transformation,"Ville de Paris, Île-de-France, France Hybride",Il y a 5 jours,Redbridge Debt & Treasury Advisory
13,CHEF DE RECEPTION (F/H/NB),"Puteaux, Île-de-France, France Sur site",Il y a 2 semaines,MAMA SHELTER
14,Data Engineer (F/M/X) - CDI,"Paris, Île-de-France, France Sur site",Il y a 1 mois,Jellysmack
15,Responsable Qualité et Affaires Règlementaires H/F,"Île-de-France, France Hybride",Il y a 2 jours,Implicity
16,Web Designer,"Reims, Grand Est, France À distance","Il y a 17 heures

                Au cours des 24 dernières heures",Toptal
17,Stage - Assistant Ingénieur Nutrition Santé (H/F),"Lestrem, Hauts-de-France, France Sur site",Il y a 2 semaines,Roquette
18,GENERAL MANAGER (F/H/NB),"Lille, Hauts-de-France, France Sur site",Il y a 6 jours,MAMA SHELTER
19,Ingénieur.e Test QA (F/H),"Paris, Île-de-France, France Sur site",Il y a 1 semaine,Jobs via eFinancialCareers
20,Product Manager / Product Builder,"Paris, Île-de-France, France Sur site",Il y a 3 semaines,Jobs via eFinancialCareers
21,Consultant(e) DATA secteur assurance (H/F),"Paris, Île-de-France, France Sur site",Il y a 1 mois,Jobs via eFinancialCareers
22,Office Address,"Saint-Jean-d'Ardières, Auvergne-Rhône-Alpes, France Sur site",Il y a 1 mois,Gaming Jobs
23,STAGE // Assistant RP & Influence Xbox,"Paris, Île-de-France, France Sur site",Il y a 2 semaines,Tomorrow Jobs
24,Architecte cloud,Nancy et périphérie Sur site,"Il y a 9 heures

                Au cours des 24 dernières heures",
